{
    "products": [
        {
            "id": "0.9667340542982021",
            "qty": 3
        }
    ],
    "totalPrice": 433.49999999999994
}